Feature,Mean |SHAP|,Rank
GarageCars,365493.8237911647,1
GrLivArea,61990.64465548747,2
OverallQual,48162.869846509275,3
